item_id,old_offer_id,new_offer_id
56666343047433,Barbican Boar-13.95 GBP,mgs-56666343047433
56666346062089,Farringdon Boar-12.50 GBP,mgs-56666346062089
55607611326729,000125-10.20 GBP,mgs-55607611326729
55607611425033,000019-14.40 GBP,mgs-55607611425033
55607611097353,000118-10.20 GBP,mgs-55607611097353
55607611359497,000002-14.40 GBP,mgs-55607611359497
55607611064585,000033-11.50 GBP,mgs-55607611064585
55607611162889,000101-11.50 GBP,mgs-55607611162889
55607611130121,000040-11.50 GBP,mgs-55607611130121
55607611293961,000132-10.20 GBP,mgs-55607611293961
55607611457801,000026-14.40 GBP,mgs-55607611457801
55607611195657,Trafalgar T1-35.00 GBP,mgs-55607611195657
55607611228425,Trafalgar T2-40.00 GBP,mgs-55607611228425
55607611261193,Trafalgar T3-41.50 GBP,mgs-55607611261193
55815788888329,7010-18.00 GBP,mgs-55815788888329
55815794983177,5589-39.50 GBP,mgs-55815794983177
55815788069129,1125-18.50 GBP,mgs-55815788069129
55815788036361,1126-46.50 GBP,mgs-55815788036361
55815789510921,4448-80.00 GBP,mgs-55815789510921
55815789543689,4504-3.50 GBP,mgs-55815789543689
55815789707529,4447-80.00 GBP,mgs-55815789707529
55815789773065,4503-3.50 GBP,mgs-55815789773065
55815789281545,3335-22.50 GBP,mgs-55815789281545
55815789379849,1117-18.50 GBP,mgs-55815789379849
55815789445385,1118-46.50 GBP,mgs-55815789445385
55815787839753,2226-14.00 GBP,mgs-55815787839753
55815798587657,5582-23.00 GBP,mgs-55815798587657
55815796392201,1112-46.50 GBP,mgs-55815796392201
55815795212553,5555-22.50 GBP,mgs-55815795212553
57229467091209,2237-14.00 GBP,mgs-57229467091209
55815793934601,4445-80.00 GBP,mgs-55815793934601
55815794000137,4501-3.50 GBP,mgs-55815794000137
55815788921097,5597-23.00 GBP,mgs-55815788921097
55815789936905,4444-80.00 GBP,mgs-55815789936905
55815790002441,4500-3.50 GBP,mgs-55815790002441
55815795048713,6666-125.00 GBP,mgs-55815795048713
57229467156745,3340-22.50 GBP,mgs-57229467156745
55815786791177,2224-14.00 GBP,mgs-55815786791177
57229467025673,5594-45.00 GBP,mgs-57229467025673
55815798489353,7777-17.50 GBP,mgs-55815798489353
55815795998985,7778-13.00 GBP,mgs-55815795998985
55815798554889,5564-21.00 GBP,mgs-55815798554889
55815790330121,1116-43.00 GBP,mgs-55815790330121
55815786889481,2222-14.00 GBP,mgs-55815786889481
57229467255049,7021-38.00 GBP,mgs-57229467255049
55815791935753,5561-33.50 GBP,mgs-55815791935753
55815786856713,5574-16.00 GBP,mgs-55815786856713
55815786725641,3337-22.50 GBP,mgs-55815786725641
55815797080329,1123-18.50 GBP,mgs-55815797080329
55815789674761,4506-3.50 GBP,mgs-55815789674761
55815789641993,4449-80.00 GBP,mgs-55815789641993
55815789052169,2234-14.00 GBP,mgs-55815789052169
57229466894601,5568-12.50 GBP,mgs-57229466894601
55815797145865,6671-25.00 GBP,mgs-55815797145865
55815797178633,6673-25.00 GBP,mgs-55815797178633
55815797211401,6680-23.50 GBP,mgs-55815797211401
55815797244169,6672-25.00 GBP,mgs-55815797244169
55815797276937,6674-25.00 GBP,mgs-55815797276937
55815797309705,6685-25.00 GBP,mgs-55815797309705
57229466960137,3338-22.50 GBP,mgs-57229466960137
55815789609225,4507-3.50 GBP,mgs-55815789609225
55815789576457,4450-80.00 GBP,mgs-55815789576457
55815787970825,2235-14.00 GBP,mgs-55815787970825
55815791051017,8910-10.00 GBP,mgs-55815791051017
55815790297353,5565-23.00 GBP,mgs-55815790297353
55815800258825,3333-22.50 GBP,mgs-55815800258825
55815788167433,1111-18.50 GBP,mgs-55815788167433
55815787708681,2225-14.00 GBP,mgs-55815787708681
55815786660105,3334-22.50 GBP,mgs-55815786660105
55815799865609,6675-45.00 GBP,mgs-55815799865609
55815795081481,2230-14.00 GBP,mgs-55815795081481
55815790395657,1113-18.50 GBP,mgs-55815790395657
55815789183241,1121-18.50 GBP,mgs-55815789183241
55815801209097,1122-46.50 GBP,mgs-55815801209097
55815798063369,6690-110.00 GBP,mgs-55815798063369
55815793541385,5553-37.00 GBP,mgs-55815793541385
55815788101897,5554-19.00 GBP,mgs-55815788101897
55815792525577,5581-23.00 GBP,mgs-55815792525577
55815791673609,5566-23.00 GBP,mgs-55815791673609
55815796949257,5579-34.00 GBP,mgs-55815796949257
55815791706377,5562-15.25 GBP,mgs-55815791706377
55815793836297,1115-14.00 GBP,mgs-55815793836297
55815799144713,5563-11.50 GBP,mgs-55815799144713
57229467222281,5566-T-17.00 GBP,mgs-57229467222281
55815793475849,3336-22.50 GBP,mgs-55815793475849
55815794524425,4446-80.00 GBP,mgs-55815794524425
55815794589961,4502-3.50 GBP,mgs-55815794589961
55815788986633,1109-18.50 GBP,mgs-55815788986633
55815789248777,5570-22.50 GBP,mgs-55815789248777
57229466927369,5569-19.50 GBP,mgs-57229466927369
55815788822793,5598-23.00 GBP,mgs-55815788822793
55815788298505,5599-23.00 GBP,mgs-55815788298505
55815788232969,5601-23.00 GBP,mgs-55815788232969
55344585441545,05008-33.75 GBP,mgs-55344585441545
55344585507081,05003-72.00 GBP,mgs-55344585507081
55344585539849,05030-26.00 GBP,mgs-55344585539849
55344585801993,03052-33.75 GBP,mgs-55344585801993
55344585703689,03032-26.75 GBP,mgs-55344585703689
55344585277705,06003CF-72.00 GBP,mgs-55344585277705
57131430674697,06030-26.75 GBP,mgs-57131430674697
55344585310473,04003-72.00 GBP,mgs-55344585310473
55344585474313,07003-72.00 GBP,mgs-55344585474313
55344585670921,03050-33.75 GBP,mgs-55344585670921
55344585572617,03030-26.75 GBP,mgs-55344585572617
55344585736457,03051-33.75 GBP,mgs-55344585736457
55344585638153,03031-26.75 GBP,mgs-55344585638153
55344585343241,02004-98.00 GBP,mgs-55344585343241
55344585408777,02005-98.00 GBP,mgs-55344585408777
55344585376009,10140-29.00 GBP,mgs-55344585376009
55344585834761,03074-36.25 GBP,mgs-55344585834761
56158802575625,57033-8.95 GBP,mgs-56158802575625
56158802706697,57034-12.95 GBP,mgs-56158802706697
56158802641161,57031-10.95 GBP,mgs-56158802641161
56158802772233,57090-11.95 GBP,mgs-56158802772233
56158802903305,57081-10.95 GBP,mgs-56158802903305
56158802542857,57082-11.95 GBP,mgs-56158802542857
56158802379017,57084-7.95 GBP,mgs-56158802379017
56158802673929,57086-7.80 GBP,mgs-56158802673929
56158802805001,57096-24.95 GBP,mgs-56158802805001
56158802936073,57093-38.95 GBP,mgs-56158802936073
56158802837769,57091-27.95 GBP,mgs-56158802837769
56158802411785,57035-9.95 GBP,mgs-56158802411785
56158802739465,57036-15.75 GBP,mgs-56158802739465
56158802608393,57032-11.95 GBP,mgs-56158802608393
56158802870537,57022-12.00 GBP,mgs-56158802870537
56158802477321,57064-7.00 GBP,mgs-56158802477321
56158802510089,57063-8.87 GBP,mgs-56158802510089
56158802968841,57094-17.95 GBP,mgs-56158802968841
56158802313481,57021-8.95 GBP,mgs-56158802313481
56158803001609,57092-19.95 GBP,mgs-56158803001609
56158802280713,57069-8.85 GBP,mgs-56158802280713
56158802444553,57065-21.95 GBP,mgs-56158802444553
56158802346249,57061-6.50 GBP,mgs-56158802346249
48625800577289,CC1334-13.50 GBP,mgs-48625800577289
48625800708361,1343-10.95 GBP,mgs-48625800708361
48625800642825,1340-10.95 GBP,mgs-48625800642825
48625800675593,1341-10.95 GBP,mgs-48625800675593
48625800773897,1342-10.95 GBP,mgs-48625800773897
48625800741129,1344-10.95 GBP,mgs-48625800741129
48625801167113,1314-13.75 GBP,mgs-48625801167113
48625801003273,1313-13.75 GBP,mgs-48625801003273
48625801101577,1310-13.75 GBP,mgs-48625801101577
48625801134345,1312-13.75 GBP,mgs-48625801134345
50199453794569,2302-25.00 GBP,mgs-50199453794569
50197161738505,CRS2230-5.50 GBP,mgs-50197161738505
48626079760649,CRS-CA165-13.95 GBP,mgs-48626079760649
48626079596809,CRS-FV165-13.95 GBP,mgs-48626079596809
48626079465737,CRS-FM165-13.95 GBP,mgs-48626079465737
48626079498505,CRS-IS165-13.95 GBP,mgs-48626079498505
50199453827337,2502-37.50 GBP,mgs-50199453827337
50197161705737,1530-8.50 GBP,mgs-50197161705737
48626081562889,CRSSS3-6.85 GBP,mgs-48626081562889
50197038596361,CRS535-3.50 GBP,mgs-50197038596361
48626079531273,CRS-SC165-13.95 GBP,mgs-48626079531273
48626081530121,CRSSS4-8.95 GBP,mgs-48626081530121
48626079432969,CRS-WR165-13.95 GBP,mgs-48626079432969
55897927811337,95100-38.00 GBP,mgs-55897927811337
55897927778569,95101-38.00 GBP,mgs-55897927778569
55897927713033,95105-43.00 GBP,mgs-55897927713033
55897927745801,95500-112.00 GBP,mgs-55897927745801
57040551575817,751100-35.00 GBP,mgs-57040551575817
57040551543049,751500-95.00 GBP,mgs-57040551543049
55897932366089,680100-15.00 GBP,mgs-55897932366089
57044502839561,10032-41.00 GBP,mgs-57044502839561
57044502774025,10012-14.00 GBP,mgs-57044502774025
55897938493705,10105-25.00 GBP,mgs-55897938493705
55897924894985,640050-27.00 GBP,mgs-55897924894985
55897924927753,640100-43.00 GBP,mgs-55897924927753
55897924862217,640250-72.00 GBP,mgs-55897924862217
57040552624393,50102-32.00 GBP,mgs-57040552624393
57040551805193,50201-15.00 GBP,mgs-57040551805193
55897938133257,50202-25.00 GBP,mgs-55897938133257
57040551739657,50103-32.00 GBP,mgs-57040551739657
55897931743497,50101-15.00 GBP,mgs-55897931743497
57040551510281,50105-15.00 GBP,mgs-57040551510281
55897929613577,102040-41.00 GBP,mgs-55897929613577
55897924043017,42100-38.00 GBP,mgs-55897924043017
55897924010249,42101-38.00 GBP,mgs-55897924010249
55897923977481,42500-112.00 GBP,mgs-55897923977481
55897924305161,43100-38.00 GBP,mgs-55897924305161
55897924337929,43101-38.00 GBP,mgs-55897924337929
55897924403465,43105-43.00 GBP,mgs-55897924403465
55897924370697,43500-112.00 GBP,mgs-55897924370697
55897924796681,40050-15.00 GBP,mgs-55897924796681
55897924763913,40250-31.00 GBP,mgs-55897924763913
55897924731145,40056-61.00 GBP,mgs-55897924731145
55897938002185,920304-81.00 GBP,mgs-55897938002185
57040552231177,40012-14.00 GBP,mgs-57040552231177
55897938034953,40032-41.00 GBP,mgs-55897938034953
55897925353737,41030-23.00 GBP,mgs-55897925353737
55897925386505,41055-47.00 GBP,mgs-55897925386505
55897925419273,41100-63.00 GBP,mgs-55897925419273
55897925320969,41500-175.00 GBP,mgs-55897925320969
55897925452041,41052-2.00 GBP,mgs-55897925452041
57077126627593,41045-25.00 GBP,mgs-57077126627593
57040552689929,41115-29.00 GBP,mgs-57040552689929
57040552657161,41105-29.00 GBP,mgs-57040552657161
55897927418121,40014-19.00 GBP,mgs-55897927418121
55897931153673,44100-38.00 GBP,mgs-55897931153673
55897931088137,44101-38.00 GBP,mgs-55897931088137
55897931120905,44500-112.00 GBP,mgs-55897931120905
55897925288201,40040-19.00 GBP,mgs-55897925288201
55897927647497,850400-12.00 GBP,mgs-55897927647497
55897932398857,40102-32.00 GBP,mgs-55897932398857
55897926992137,40202-25.00 GBP,mgs-55897926992137
57040551248137,40201-15.00 GBP,mgs-57040551248137
55897930694921,40103-32.00 GBP,mgs-55897930694921
55897925124361,40101-15.00 GBP,mgs-55897925124361
55897932431625,40105-15.00 GBP,mgs-55897932431625
55897938592009,40013-21.50 GBP,mgs-55897938592009
55897930629385,40030-19.00 GBP,mgs-55897930629385
55897924272393,40020-19.00 GBP,mgs-55897924272393
55897931579657,70100-38.00 GBP,mgs-55897931579657
55897931612425,70500-112.00 GBP,mgs-55897931612425
55897927516425,500100-24.00 GBP,mgs-55897927516425
55897927549193,500500-78.00 GBP,mgs-55897927549193
55897924993289,55525-26.00 GBP,mgs-55897924993289
55897931940105,999003-33.00 GBP,mgs-55897931940105
55897929744649,815100-12.50 GBP,mgs-55897929744649
55897929777417,815250-21.00 GBP,mgs-55897929777417
56839265059081,815600-43.00 GBP,mgs-56839265059081
55897924108553,810100-12.50 GBP,mgs-55897924108553
55897924141321,810250-21.00 GBP,mgs-55897924141321
56839265091849,810600-43.00 GBP,mgs-56839265091849
57040552427785,850100-12.00 GBP,mgs-57040552427785
56082948260105,670030-20.00 GBP,mgs-56082948260105
55897929941257,260100-24.00 GBP,mgs-55897929941257
55897929974025,260101-24.00 GBP,mgs-55897929974025
55897930006793,260500-78.00 GBP,mgs-55897930006793
55897937969417,655050-11.50 GBP,mgs-55897937969417
57040552460553,55410-24.00 GBP,mgs-57040552460553
55897931841801,920100-32.00 GBP,mgs-55897931841801
55897926369545,920200-58.00 GBP,mgs-55897926369545
55897942229257,210100-24.00 GBP,mgs-55897942229257
55897942196489,210500-78.00 GBP,mgs-55897942196489
55897938657545,220100-24.00 GBP,mgs-55897938657545
55897938690313,220500-78.00 GBP,mgs-55897938690313
55897927975177,211055-47.00 GBP,mgs-55897927975177
55897928007945,211100-63.00 GBP,mgs-55897928007945
56839264370953,211052-2.00 GBP,mgs-56839264370953
57040552132873,70202-25.00 GBP,mgs-57040552132873
55897930727689,660050-20.00 GBP,mgs-55897930727689
57077126562057,998000-9.00 GBP,mgs-57077126562057
55897930498313,835100-12.50 GBP,mgs-55897930498313
55897930531081,835250-21.00 GBP,mgs-55897930531081
55897930563849,835600-43.00 GBP,mgs-55897930563849
57040551280905,830100-12.50 GBP,mgs-57040551280905
57040551313673,830250-21.00 GBP,mgs-57040551313673
57040551346441,830600-43.00 GBP,mgs-57040551346441
55897925484809,58103-25.00 GBP,mgs-55897925484809
55897927581961,55430-24.00 GBP,mgs-55897927581961
55897931710729,730030-10.50 GBP,mgs-55897931710729
55897931645193,730100-35.00 GBP,mgs-55897931645193
55897931677961,730500-95.00 GBP,mgs-55897931677961
57044502511881,20032-41.00 GBP,mgs-57044502511881
55897930596617,20031-29.50 GBP,mgs-55897930596617
57040551772425,60102-32.00 GBP,mgs-57040551772425
55897930760457,60202-25.00 GBP,mgs-55897930760457
55897925812489,60201-15.00 GBP,mgs-55897925812489
55897930072329,60103-32.00 GBP,mgs-55897930072329
55897924239625,60101-15.00 GBP,mgs-55897924239625
55897930203401,60105-15.00 GBP,mgs-55897930203401
55897927123209,140030-23.00 GBP,mgs-55897927123209
55897927090441,140055-47.00 GBP,mgs-55897927090441
55897927057673,140100-63.00 GBP,mgs-55897927057673
55897927024905,140500-175.00 GBP,mgs-55897927024905
55897927155977,140052-2.00 GBP,mgs-55897927155977
55897928073481,825100-12.50 GBP,mgs-55897928073481
55897928106249,825250-21.00 GBP,mgs-55897928106249
56839264993545,825600-43.00 GBP,mgs-56839264993545
55897931219209,820100-12.50 GBP,mgs-55897931219209
55897931251977,820250-21.00 GBP,mgs-55897931251977
56839265026313,820600-43.00 GBP,mgs-56839265026313
57040551641353,300100-24.00 GBP,mgs-57040551641353
57040551674121,300500-78.00 GBP,mgs-57040551674121
55897923911945,675071-6.95 GBP,mgs-55897923911945
55897927909641,675081-8.00 GBP,mgs-55897927909641
55897926893833,32100-38.00 GBP,mgs-55897926893833
55897926861065,32101-38.00 GBP,mgs-55897926861065
55897926926601,32500-112.00 GBP,mgs-55897926926601
55897924567305,31030-23.00 GBP,mgs-55897924567305
55897924600073,31055-47.00 GBP,mgs-55897924600073
55897924632841,31100-63.00 GBP,mgs-55897924632841
55897924665609,31500-175.00 GBP,mgs-55897924665609
55897924698377,31052-2.00 GBP,mgs-55897924698377
55897932267785,30052-2.00 GBP,mgs-55897932267785
55897932300553,30052-6-10.00 GBP,mgs-55897932300553
55897927614729,30102-32.00 GBP,mgs-55897927614729
55897938755849,30202-25.00 GBP,mgs-55897938755849
55897931907337,30201-15.00 GBP,mgs-55897931907337
55897930400009,30103-32.00 GBP,mgs-55897930400009
55897930105097,30101-15.00 GBP,mgs-55897930105097
55897925255433,30105-15.00 GBP,mgs-55897925255433
55897924469001,840100-12.50 GBP,mgs-55897924469001
55897924501769,840250-21.00 GBP,mgs-55897924501769
55897924534537,840600-43.00 GBP,mgs-55897924534537
55897924960521,58102-25.00 GBP,mgs-55897924960521
55897927319817,650100-32.00 GBP,mgs-55897927319817
55897927287049,650101-32.00 GBP,mgs-55897927287049
55897927254281,650105-37.00 GBP,mgs-55897927254281
55897927221513,650500-100.00 GBP,mgs-55897927221513
55897942098185,630050-22.00 GBP,mgs-55897942098185
55897942130953,630100-37.00 GBP,mgs-55897942130953
55897942163721,630250-61.00 GBP,mgs-55897942163721
55897930137865,535200-25.00 GBP,mgs-55897930137865
55897929842953,531200-25.00 GBP,mgs-55897929842953
55897925189897,530050-22.00 GBP,mgs-55897925189897
55897925157129,530100-37.00 GBP,mgs-55897925157129
55897925222665,530200-61.00 GBP,mgs-55897925222665
57040551969033,53014-13.00 GBP,mgs-57040551969033
55897941147913,541200-25.00 GBP,mgs-55897941147913
55897941180681,541200-02-25.00 GBP,mgs-55897941180681
55897926467849,522100-24.00 GBP,mgs-55897926467849
57040552001801,52014-13.00 GBP,mgs-57040552001801
55897925058825,543055-16.00 GBP,mgs-55897925058825
55897925091593,543100-22.00 GBP,mgs-55897925091593
55897931350281,850700-12.00 GBP,mgs-55897931350281
57040551477513,90100-38.00 GBP,mgs-57040551477513
57040551444745,90101-38.00 GBP,mgs-57040551444745
57040551411977,90500-112.00 GBP,mgs-57040551411977
55897928171785,55420-24.00 GBP,mgs-55897928171785
55897931317513,90202-25.00 GBP,mgs-55897931317513
57040551837961,90201-15.00 GBP,mgs-57040551837961
55897924075785,850800-12.00 GBP,mgs-55897924075785
55897925976329,83100-38.00 GBP,mgs-55897925976329
55897926009097,83101-38.00 GBP,mgs-55897926009097
55897926074633,83105-43.00 GBP,mgs-55897926074633
55897926041865,83500-110.00 GBP,mgs-55897926041865
55897938231561,80100-38.00 GBP,mgs-55897938231561
55897938198793,80500-112.00 GBP,mgs-55897938198793
57044502806793,80030-19.00 GBP,mgs-57044502806793
55897938559241,80012-14.00 GBP,mgs-55897938559241
55897929416969,80032-41.00 GBP,mgs-55897929416969
55897925615881,81030-23.00 GBP,mgs-55897925615881
55897925517577,81055-47.00 GBP,mgs-55897925517577
55897925550345,81100-63.00 GBP,mgs-55897925550345
55897925583113,81500-175.00 GBP,mgs-55897925583113
55897925648649,81052-2.00 GBP,mgs-55897925648649
57077126693129,80045-25.00 GBP,mgs-57077126693129
55897925845257,80050-15.00 GBP,mgs-55897925845257
55897925878025,80250-31.00 GBP,mgs-55897925878025
55897925910793,80056-61.00 GBP,mgs-55897925910793
57040552296713,80102-32.00 GBP,mgs-57040552296713
57040552493321,80215-5.25 GBP,mgs-57040552493321
55897925026057,80201-15.00 GBP,mgs-55897925026057
56082948227337,80103-32.00 GBP,mgs-56082948227337
57077126529289,80101-15.00 GBP,mgs-57077126529289
55897926336777,80105-15.00 GBP,mgs-55897926336777
55897930301705,620100-21.00 GBP,mgs-55897930301705
55897930268937,620101-21.00 GBP,mgs-55897930268937
55897930236169,620500-66.00 GBP,mgs-55897930236169
55897923944713,58101-25.00 GBP,mgs-55897923944713
56082948063497,580075-8.50 GBP,mgs-56082948063497
55897931481353,845100-12.50 GBP,mgs-55897931481353
55897931448585,845250-21.00 GBP,mgs-55897931448585
55897931514121,845600-43.00 GBP,mgs-55897931514121
55897930825993,110030-23.00 GBP,mgs-55897930825993
55897930924297,110055-47.00 GBP,mgs-55897930924297
55897930858761,110100-63.00 GBP,mgs-55897930858761
55897930891529,110500-175.00 GBP,mgs-55897930891529
55897930957065,110052-2.00 GBP,mgs-55897930957065
57040552395017,29035-19.00 GBP,mgs-57040552395017
55897929679113,292100-35.00 GBP,mgs-55897929679113
55897925779721,22100-38.00 GBP,mgs-55897925779721
55897925746953,22101-38.00 GBP,mgs-55897925746953
55897925714185,22500-112.00 GBP,mgs-55897925714185
55897926631689,23100-38.00 GBP,mgs-55897926631689
55897926598921,23101-38.00 GBP,mgs-55897926598921
55897926566153,23105-43.00 GBP,mgs-55897926566153
55897926533385,23500-112.00 GBP,mgs-55897926533385
56082948161801,20030-19.00 GBP,mgs-56082948161801
55897928139017,21012-14.00 GBP,mgs-55897928139017
55897932529929,21032-41.00 GBP,mgs-55897932529929
55897926140169,21030-23.00 GBP,mgs-55897926140169
55897926172937,21055-47.00 GBP,mgs-55897926172937
55897926205705,21100-63.00 GBP,mgs-55897926205705
55897926238473,21500-175.00 GBP,mgs-55897926238473
55897926271241,21052-2.00 GBP,mgs-55897926271241
55897932005641,21052-2.00 GBP,mgs-55897932005641
55897932038409,21052-6-2.00 GBP,mgs-55897932038409
57077126660361,21045-25.00 GBP,mgs-57077126660361
55897929548041,20050-15.00 GBP,mgs-55897929548041
55897929515273,20250-31.00 GBP,mgs-55897929515273
55897929482505,20056-61.00 GBP,mgs-55897929482505
56082948030729,850200-12.00 GBP,mgs-56082948030729
57040552034569,20102-32.00 GBP,mgs-57040552034569
55897924206857,20202-25.00 GBP,mgs-55897924206857
55897924436233,20201-15.00 GBP,mgs-55897924436233
57040552067337,20103-32.00 GBP,mgs-57040552067337
57040552100105,20101-15.00 GBP,mgs-57040552100105
55897929449737,20105-15.00 GBP,mgs-55897929449737
55897927352585,20013-21.50 GBP,mgs-55897927352585
55897925943561,20020-19.00 GBP,mgs-55897925943561
55897927844105,204080-41.00 GBP,mgs-55897927844105
55897931022601,140012-14.00 GBP,mgs-55897931022601
55897931055369,140032-41.00 GBP,mgs-55897931055369
57070736081161,DEPRO100-5.95 GBP,mgs-57070736081161
56821027733769,DIOR-SAUVAGE-EDP-100-122.00 GBP,mgs-56821027733769
48236303876361,141 588-114.95 GBP,mgs-48236303876361
48236304138505,1176810-161.95 GBP,mgs-48236304138505
48236303974665,120 5860-128.95 GBP,mgs-48236303974665
48236303843593,106 5851-150.00 GBP,mgs-48236303843593
48236304040201,105 5865-184.95 GBP,mgs-48236304040201
48236304007433,105 5835-157.95 GBP,mgs-48236304007433
48236304171273,1885 680-150.95 GBP,mgs-48236304171273
48236304204041,6 6810-150.00 GBP,mgs-48236304204041
48236304072969,119 6860-160.00 GBP,mgs-48236304072969
48236304269577,118 6810-205.00 GBP,mgs-48236304269577
48236304302345,201087 / 22130201-33.95 GBP,mgs-48236304302345
48236304367881,12581085-142.95 GBP,mgs-48236304367881
48236304433417,386050 / 43110361-7.95 GBP,mgs-48236304433417
48236304531721,10682082-162.85 GBP,mgs-48236304531721
48236304564489,201081 / 22130481-27.50 GBP,mgs-48236304564489
48236304859401,201 003 / 31450411-2.95 GBP,mgs-48236304859401
48236304892169,201 004-2.95 GBP,mgs-48236304892169
48236304924937,201 005-2.95 GBP,mgs-48236304924937
48236304695561,2010140-30.95 GBP,mgs-48236304695561
48585541714185,1658009143-262.90 GBP,mgs-48585541714185
48585541845257,1658009142-262.90 GBP,mgs-48585541845257
48585541812489,1658009145-262.90 GBP,mgs-48585541812489
48585541976329,136813415-280.95 GBP,mgs-48585541976329
48236304990473,4155846-119.95 GBP,mgs-48236304990473
48585542041865,15381387-130.00 GBP,mgs-48585542041865
48236304728329,41251203-39.85 GBP,mgs-48236304728329
48236305088777,9022011 / 6100181-17.45 GBP,mgs-48236305088777
48236305121545,9022 021-21.95 GBP,mgs-48236305121545
48236305154313,9022 051-21.95 GBP,mgs-48236305154313
48236304826633,201 071 / 22142022-39.95 GBP,mgs-48236304826633
48236305383689,201006 / 21130201-45.00 GBP,mgs-48236305383689
48585542435081,6340512-85.95 GBP,mgs-48585542435081
56160657965321,51156104-16.05 GBP,mgs-56160657965321
48744999059721,30451201-5.85 GBP,mgs-48744999059721
48744999026953,30451202-46.85 GBP,mgs-48744999026953
48181786607881,DER-A-32.00 GBP,mgs-48181786607881
48181786444041,AS-D2-142.95 GBP,mgs-48181786444041
48181786476809,AS-D2S-180.00 GBP,mgs-48181786476809
57034126000393,ACSR-NB-110.00 GBP,mgs-57034126000393
57034126033161,ACSR-RBL-110.00 GBP,mgs-57034126033161
57034126065929,ACSR-NBL-110.00 GBP,mgs-57034126065929
48181786345737,ACD-R-180.00 GBP,mgs-48181786345737
48181786280201,ACD-N-180.00 GBP,mgs-48181786280201
49061915984137,ACD-RW-240.00 GBP,mgs-49061915984137
48181786116361,PG-15-20.00 GBP,mgs-48181786116361
48181786083593,PL-20-18.65 GBP,mgs-48181786083593
48181786149129,PS-20-18.65 GBP,mgs-48181786149129
48181786247433,PB-20-16.00 GBP,mgs-48181786247433
49061766660361,PSF-15-20.00 GBP,mgs-49061766660361
48181786312969,ACS-RB-110.00 GBP,mgs-48181786312969
48181786411273,ACS-NB-89.95 GBP,mgs-48181786411273
48181786542345,ACS-RSW-104.00 GBP,mgs-48181786542345
49061674516745,FBDT-3.00 GBP,mgs-49061674516745
49025525907721,90660-10-3.15 GBP,mgs-49025525907721
57033945710857,90660-42.65 GBP,mgs-57033945710857
49062061965577,NR-K-45.00 GBP,mgs-49062061965577
49070031995145,NP-B-11.45 GBP,mgs-49070031995145
48181786509577,800-1B-14.35 GBP,mgs-48181786509577
48181786575113,WS-D2S-265.00 GBP,mgs-48181786575113
56111008284937,AR00010-14.95 GBP,mgs-56111008284937
56111008252169,AR00021-2.50 GBP,mgs-56111008252169
56111008383241,AR00030-30.00 GBP,mgs-56111008383241
56111008317705,AR00010B-15.00 GBP,mgs-56111008317705
56111008350473,AR00039-8.00 GBP,mgs-56111008350473
56111008219401,AR00089-14.95 GBP,mgs-56111008219401
55789124616457,F09238-32.00 GBP,mgs-55789124616457
55789124518153,F09741-32.00 GBP,mgs-55789124518153
55789124649225,F09212-35.00 GBP,mgs-55789124649225
55789124321545,F09823-30.00 GBP,mgs-55789124321545
55789124419849,F09235-30.00 GBP,mgs-55789124419849
55789124452617,F09236-32.00 GBP,mgs-55789124452617
55789124354313,F09237-35.00 GBP,mgs-55789124354313
55789124485385,F09234-20.00 GBP,mgs-55789124485385
55789125239049,F09210-32.00 GBP,mgs-55789125239049
55789124288777,F59235-30.00 GBP,mgs-55789124288777
55789124190473,F59237-35.00 GBP,mgs-55789124190473
55789124256009,F59236-32.00 GBP,mgs-55789124256009
55789125107977,F30964-70.00 GBP,mgs-55789125107977
55789125042441,F30967-36.00 GBP,mgs-55789125042441
55789124976905,F30741-32.00 GBP,mgs-55789124976905
55789124944137,F30823-30.00 GBP,mgs-55789124944137
55789125075209,F30234-20.00 GBP,mgs-55789125075209
55789124026633,F30984-35.00 GBP,mgs-55789124026633
55789124124937,F30983-45.00 GBP,mgs-55789124124937
55789124911369,F31964-70.00 GBP,mgs-55789124911369
55789124780297,F31972-36.00 GBP,mgs-55789124780297
55789124747529,F31970-45.00 GBP,mgs-55789124747529
55789124714761,F31823-30.00 GBP,mgs-55789124714761
55789124845833,F31234-20.00 GBP,mgs-55789124845833
55789124878601,F31210-32.00 GBP,mgs-55789124878601
55789124059401,F31984-31.45 GBP,mgs-55789124059401
55789123993865,F31978-30.00 GBP,mgs-55789123993865
55789124092169,F31983-45.00 GBP,mgs-55789124092169
55789125140745,F00299-45.00 GBP,mgs-55789125140745
55789124681993,F32964-70.00 GBP,mgs-55789124681993
55789125173513,F00290-45.00 GBP,mgs-55789125173513
48255565431049,402-170.95 GBP,mgs-48255565431049
48255566479625,1325-55.00 GBP,mgs-48255566479625
48255566119177,35022-43.75 GBP,mgs-48255566119177
48255565955337,35020-20.00 GBP,mgs-48255565955337
48255565070601,37058-115.00 GBP,mgs-48255565070601
48255564873993,39658-115.00 GBP,mgs-48255564873993
56235623809289,904-10-3.95 GBP,mgs-56235623809289
56235623776521,904-53.85 GBP,mgs-56235623776521
48255566184713,1350-54.95 GBP,mgs-48255566184713
48255565562121,1360-81.95 GBP,mgs-48255565562121
48255565988105,1363-85.00 GBP,mgs-48255565988105
48255565463817,1351-47.95 GBP,mgs-48255565463817
48255566643465,1361-85.00 GBP,mgs-48255566643465
48255565594889,1365-85.00 GBP,mgs-48255565594889
48255566283017,1362-85.00 GBP,mgs-48255566283017
48255564841225,1352-45.00 GBP,mgs-48255564841225
56672254001417,1445-15.95 GBP,mgs-56672254001417
48255564742921,33034-30.00 GBP,mgs-48255564742921
48255565005065,936-33.50 GBP,mgs-48255565005065
48255564775689,35007I-65.00 GBP,mgs-48255564775689
55336894169353,35011-24.95 GBP,mgs-55336894169353
48255566053641,35008-21.00 GBP,mgs-48255566053641
48568007950601,35004-11.95 GBP,mgs-48568007950601
45376842694921,HS-AL-AG-03-AGG-5-78.95 GBP,mgs-45376842694921
45376842924297,HS-AL-AA-03-MLD-5-78.95 GBP,mgs-45376842924297
45376842957065,HS-AL-AA-03-MDM-5-78.95 GBP,mgs-45376842957065
45376842563849,HS-AL-CU-03-MLD-5-78.95 GBP,mgs-45376842563849
45376842596617,HS-AL-CU-03-MDM-5-78.95 GBP,mgs-45376842596617
45376842989833,HS-AL-JB-03-MLD-5-78.95 GBP,mgs-45376842989833
45376843022601,HS-AL-JB-03-MDM-5-78.95 GBP,mgs-45376843022601
45376842629385,HS-AL-SB-03-MLD-5-78.95 GBP,mgs-45376842629385
45376842662153,HS-AL-SB-03-MDM-5-78.95 GBP,mgs-45376842662153
45376842825993,HS-AL-TA-03-MLD-5-78.95 GBP,mgs-45376842825993
45376842858761,HS-AL-TA-03-MDM-5-78.95 GBP,mgs-45376842858761
48838062833929,HSBS-119.95 GBP,mgs-48838062833929
45376843055369,HS-STAND-01-32.95 GBP,mgs-45376843055369
45460362985737,HS-RKSTAINLESS-5-1.25 GBP,mgs-45460362985737
45376842891529,HS-RKSTAINLESS-100-13.95 GBP,mgs-45376842891529
45376842727689,HS-TI-TI-04-MLD-5-275.00 GBP,mgs-45376842727689
45376842760457,HS-TI-TI-04-MDM-5-275.00 GBP,mgs-45376842760457
45376842793225,HS-TI-TI-04-AGG-5-275.00 GBP,mgs-45376842793225
56821028094217,HERMES-TDH-ASL-100-62.00 GBP,mgs-56821028094217
56821027995913,HERMES-TDH-EDT-100-97.00 GBP,mgs-56821027995913
56821027963145,HERMES-TDH-EDT-50-72.00 GBP,mgs-56821027963145
48944710746377,JDCB-15.45 GBP,mgs-48944710746377
48944710713609,JDCB2-16.35 GBP,mgs-48944710713609
48944710779145,JDMB2-16.35 GBP,mgs-48944710779145
48944710680841,JDMB55-14.25 GBP,mgs-48944710680841
48944711106825,JDAB90-9.50 GBP,mgs-48944711106825
48945579327753,3309B-1-5.95 GBP,mgs-48945579327753
48944711139593,JDCC90-6.95 GBP,mgs-48944711139593
48944711270665,JDTTB150-9.85 GBP,mgs-48944711270665
49050676691209,31237-4.15 GBP,mgs-49050676691209
49053896540425,31244-8.95 GBP,mgs-49053896540425
56700306260233,200-SAR-ABS-48.95 GBP,mgs-56700306260233
56700306293001,50-SAR-ABS-34.95 GBP,mgs-56700306293001
56700306325769,F-SAR-ABS-7.95 GBP,mgs-56700306325769
56700306063625,200-SAR-A-48.95 GBP,mgs-56700306063625
56700306096393,50-SAR-A-34.95 GBP,mgs-56700306096393
56700306129161,F-SAR-A-7.95 GBP,mgs-56700306129161
56700305768713,200-SAR-F-48.95 GBP,mgs-56700305768713
56700305801481,50-SAR-F-34.95 GBP,mgs-56700305801481
56700305834249,F-SAR-F-7.95 GBP,mgs-56700305834249
56700306161929,200-SAR-MAG-48.95 GBP,mgs-56700306161929
56700306194697,50-SAR-MAG-34.95 GBP,mgs-56700306194697
56700306227465,F-SAR-MAG-7.95 GBP,mgs-56700306227465
56700305867017,200-SAR-N-47.95 GBP,mgs-56700305867017
56700305899785,50-SAR-N-33.95 GBP,mgs-56700305899785
56700305932553,F-SAR-N-7.95 GBP,mgs-56700305932553
56700305670409,200-SAR-O-45.00 GBP,mgs-56700305670409
56700305703177,50-SAR-O-34.95 GBP,mgs-56700305703177
56700305735945,F-SAR-O-7.95 GBP,mgs-56700305735945
56700306358537,200-SAR-R-48.95 GBP,mgs-56700306358537
56700306391305,50-SAR-R-34.95 GBP,mgs-56700306391305
56700306424073,F-SAR-R-7.95 GBP,mgs-56700306424073
56700305965321,200-SAR-V-48.95 GBP,mgs-56700305965321
56700305998089,50-SAR-V-34.95 GBP,mgs-56700305998089
56700306030857,F-SAR-V-7.95 GBP,mgs-56700306030857
57034332995849,MT411468-12.00 GBP,mgs-57034332995849
57034332537097,MT411466-41.00 GBP,mgs-57034332537097
57034332700937,MT411467-29.25 GBP,mgs-57034332700937
57034334372105,MT411158-9.95 GBP,mgs-57034334372105
57034333585673,MT411337-3.85 GBP,mgs-57034333585673
57034332602633,MT411377-7.50 GBP,mgs-57034332602633
57034333061385,MT411332-3.85 GBP,mgs-57034333061385
57034334044425,MT411363-7.50 GBP,mgs-57034334044425
57034334437641,MT411159-9.95 GBP,mgs-57034334437641
57034333487369,MT411336-3.85 GBP,mgs-57034333487369
57034332766473,MT411330-3.85 GBP,mgs-57034332766473
57034331685129,MT411370-7.50 GBP,mgs-57034331685129
57034333192457,MT411333-3.85 GBP,mgs-57034333192457
57034333389065,MT411335-3.85 GBP,mgs-57034333389065
57034334634249,MT411375-7.50 GBP,mgs-57034334634249
57034333782281,MT411362-7.50 GBP,mgs-57034333782281
57034333683977,MT411242-9.00 GBP,mgs-57034333683977
57034333880585,MT411338-4.90 GBP,mgs-57034333880585
57034332438793,MT411378-9.00 GBP,mgs-57034332438793
57034334306569,MT411157-9.95 GBP,mgs-57034334306569
57034334503177,MT411055-24.50 GBP,mgs-57034334503177
57034334241033,MT411067-5.00 GBP,mgs-57034334241033
57034332897545,MT411331-4.90 GBP,mgs-57034332897545
57034332340489,MT411371-9.00 GBP,mgs-57034332340489
48094959173897,15001-27.95 GBP,mgs-48094959173897
48094959272201,20011-33.75 GBP,mgs-48094959272201
56679750304009,23006-90.00 GBP,mgs-56679750304009
48094959304969,23001-28.50 GBP,mgs-48094959304969
57199306080521,23111-36.95 GBP,mgs-57199306080521
48840021541129,24203-53.95 GBP,mgs-48840021541129
57220864672009,25006-102.95 GBP,mgs-57220864672009
48094957994249,2081001-214.00 GBP,mgs-48094957994249
48094958027017,3881001-220.00 GBP,mgs-48094958027017
48094959567113,30011-31.95 GBP,mgs-48094959567113
48094959894793,33001-26.95 GBP,mgs-48094959894793
57199306113289,34501-54.00 GBP,mgs-57199306113289
56679750467849,34106-128.95 GBP,mgs-56679750467849
57199306047753,34206-112.95 GBP,mgs-57199306047753
48094959763721,34001-36.95 GBP,mgs-48094959763721
56679750271241,34002-49.95 GBP,mgs-56679750271241
57220864704777,34111-38.95 GBP,mgs-57220864704777
48840021573897,34651-79.95 GBP,mgs-48840021573897
48094962549001,34003-46.95 GBP,mgs-48094962549001
55774161928457,34004-69.85 GBP,mgs-55774161928457
48094959075593,38001-42.25 GBP,mgs-48094959075593
56679750369545,4000111-69.00 GBP,mgs-56679750369545
57199306211593,4006001-30.95 GBP,mgs-57199306211593
57199306244361,4006111-30.95 GBP,mgs-57199306244361
57199306277129,4006002-30.95 GBP,mgs-57199306277129
56679750631689,4010000-39.00 GBP,mgs-56679750631689
56679750664457,4011006-37.95 GBP,mgs-56679750664457
48094962647305,43002-49.95 GBP,mgs-48094962647305
56679750402313,4751001-99.00 GBP,mgs-56679750402313
48094962352393,47001-30.65 GBP,mgs-48094962352393
56679750336777,500105-67.95 GBP,mgs-56679750336777
56679750598921,90020-34.00 GBP,mgs-56679750598921
56679750435081,500101-54.00 GBP,mgs-56679750435081
56679750566153,90019-29.00 GBP,mgs-56679750566153
57220864835849,90027-34.00 GBP,mgs-57220864835849
57220864803081,90026-29.00 GBP,mgs-57220864803081
57199306178825,933006-122.95 GBP,mgs-57199306178825
56679750533385,5007010-12.00 GBP,mgs-56679750533385
56679750500617,5008010-12.00 GBP,mgs-56679750500617
48094957928713,42001-23.40 GBP,mgs-48094957928713
48094957961481,41001-19.75 GBP,mgs-48094957961481
48094958223625,933000-34.95 GBP,mgs-48094958223625
48094962876681,46002-56.95 GBP,mgs-48094962876681
55774396809481,4000000-60.45 GBP,mgs-55774396809481
48094959403273,23011-48.95 GBP,mgs-48094959403273
48094958190857,781001-225.00 GBP,mgs-48094958190857
48094958256393,751001-229.70 GBP,mgs-48094958256393
48094958289161,702003-63.95 GBP,mgs-48094958289161
48094958354697,701001-50.75 GBP,mgs-48094958354697
48094958518537,750002-229.95 GBP,mgs-48094958518537
48094958420233,700002-55.00 GBP,mgs-48094958420233
48094958485769,767011-21.95 GBP,mgs-48094958485769
48094958453001,25001-28.50 GBP,mgs-48094958453001
48840021606665,6900001-16.25 GBP,mgs-48840021606665
48094958649609,908100-1-5.45 GBP,mgs-48094958649609
48094958682377,908100-49.75 GBP,mgs-48094958682377
48094958715145,907000-23.95 GBP,mgs-48094958715145
48840021639433,6001006-41.25 GBP,mgs-48840021639433
48094958747913,985000-29.95 GBP,mgs-48094958747913
48094958780681,3000-8.75 GBP,mgs-48094958780681
48094958846217,4781001-89.30 GBP,mgs-48094958846217
48094959010057,500001-46.75 GBP,mgs-48094959010057
48094958944521,510001-55.95 GBP,mgs-48094958944521
57220864770313,510105-77.95 GBP,mgs-57220864770313
57199306146057,510101-73.95 GBP,mgs-57199306146057
48094959042825,570001-56.95 GBP,mgs-48094959042825
48094959141129,39001-46.95 GBP,mgs-48094959141129
48094960091401,38011-39.95 GBP,mgs-48094960091401
48094960025865,44011-29.30 GBP,mgs-48094960025865
48840021672201,4009000-29.95 GBP,mgs-48840021672201
48840021737737,4007001-29.15 GBP,mgs-48840021737737
48840021770505,4007002-29.15 GBP,mgs-48840021770505
57199306506505,90008-7.95 GBP,mgs-57199306506505
57199306473737,90005-1.95 GBP,mgs-57199306473737
57199306342665,90001-10.95 GBP,mgs-57199306342665
57199306440969,90004-10.95 GBP,mgs-57199306440969
57199306539273,90011-11.95 GBP,mgs-57199306539273
57199306572041,90012-11.95 GBP,mgs-57199306572041
56679750238473,22102-43.75 GBP,mgs-56679750238473
57199306309897,4014000-19.95 GBP,mgs-57199306309897
48094959534345,37001-39.95 GBP,mgs-48094959534345
48841624617225,910010-6.45 GBP,mgs-48841624617225
48841591914761,910000-58.05 GBP,mgs-48841591914761
48778823893257,HB5/O-5.45 GBP,mgs-48778823893257
48780336398601,BG5/O-3.75 GBP,mgs-48780336398601
48780336431369,BG6/O-6.05 GBP,mgs-48780336431369
48778824614153,SSC/1-38.95 GBP,mgs-48778824614153
56821027930377,MB-LEGEND-EDT-100-77.00 GBP,mgs-56821027930377
55572085408009,M136-9.50 GBP,mgs-55572085408009
55572085440777,M063-12.50 GBP,mgs-55572085440777
55564959482121,M064-50.00 GBP,mgs-55564959482121
55572083802377,M033-7.00 GBP,mgs-55572083802377
57027320774921,M032-12.00 GBP,mgs-57027320774921
55572088553737,M015-6.50 GBP,mgs-55572088553737
55572086882569,M014-12.00 GBP,mgs-55572086882569
56700305441033,M346-45.00 GBP,mgs-56700305441033
56700305408265,M349-25.00 GBP,mgs-56700305408265
55572084490505,M246-6.99 GBP,mgs-55572084490505
55572084556041,M247-12.50 GBP,mgs-55572084556041
55572086096137,M273-10.00 GBP,mgs-55572086096137
56681073541385,M352-39.95 GBP,mgs-56681073541385
55564959547657,M219-85.00 GBP,mgs-55564959547657
55572086685961,M092-12.00 GBP,mgs-55572086685961
55572083867913,M017-8.00 GBP,mgs-55572083867913
55572083933449,M174-10.00 GBP,mgs-55572083933449
55572083998985,M176-35.00 GBP,mgs-55572083998985
55572084031753,M181-3.00 GBP,mgs-55572084031753
55564959416585,M067-30.00 GBP,mgs-55564959416585
55564959613193,M068-50.00 GBP,mgs-55564959613193
55564959449353,M069-30.95 GBP,mgs-55564959449353
55572085965065,M016-6.50 GBP,mgs-55572085965065
55572089536777,M167-10.00 GBP,mgs-55572089536777
55586993963273,M308-8.00 GBP,mgs-55586993963273
55572087505161,M007-10.00 GBP,mgs-55572087505161
55572087537929,M008-35.00 GBP,mgs-55572087537929
55572090093833,M239-6.00 GBP,mgs-55572090093833
55572090159369,M011-10.00 GBP,mgs-55572090159369
55572090224905,M012-35.00 GBP,mgs-55572090224905
55572086161673,M241-6.00 GBP,mgs-55572086161673
55572086227209,M109-10.00 GBP,mgs-55572086227209
55572086292745,M117-35.00 GBP,mgs-55572086292745
55564959514889,M197-37.00 GBP,mgs-55564959514889
57131298783497,M005-8.00 GBP,mgs-57131298783497
55572085670153,M029-9.00 GBP,mgs-55572085670153
57131436114185,M220-18.00 GBP,mgs-57131436114185
57131436179721,M320-16.00 GBP,mgs-57131436179721
57144877416713,M059-16.00 GBP,mgs-57144877416713
55572087374089,M269-9.50 GBP,mgs-55572087374089
55572085899529,M097-9.00 GBP,mgs-55572085899529
55572086980873,M036-8.50 GBP,mgs-55572086980873
55572085276937,M309-16.50 GBP,mgs-55572085276937
55572088389897,M195-12.00 GBP,mgs-55572088389897
55572088455433,M218-6.00 GBP,mgs-55572088455433
55572086030601,M314-12.00 GBP,mgs-55572086030601
55572085833993,M098-9.00 GBP,mgs-55572085833993
55572086391049,M028-7.50 GBP,mgs-55572086391049
55572086849801,M061-7.99 GBP,mgs-55572086849801
55572086948105,M062-5.99 GBP,mgs-55572086948105
55572084097289,M025-9.50 GBP,mgs-55572084097289
55572084162825,M086-13.50 GBP,mgs-55572084162825
55572084195593,M026-22.50 GBP,mgs-55572084195593
57131298685193,M004-8.00 GBP,mgs-57131298685193
57131298619657,M006-8.00 GBP,mgs-57131298619657
55572085768457,M035-8.50 GBP,mgs-55572085768457
55572123779337,M001-5.50 GBP,mgs-55572123779337
55572123844873,M002-8.00 GBP,mgs-55572123844873
55572123910409,M003-10.00 GBP,mgs-55572123910409
55572087046409,M271-10.00 GBP,mgs-55572087046409
55572089733385,M022-8.50 GBP,mgs-55572089733385
55572085342473,M114-9.00 GBP,mgs-55572085342473
55572086456585,M020-8.00 GBP,mgs-55572086456585
55572086522121,M175-10.00 GBP,mgs-55572086522121
55572086587657,M177-35.00 GBP,mgs-55572086587657
55572084719881,M043-8.50 GBP,mgs-55572084719881
55572084785417,M173-16.50 GBP,mgs-55572084785417
45366271869193,R101-34.95 GBP,mgs-45366271869193
45366267871497,RN16-35.00 GBP,mgs-45366267871497
45366265250057,KSR-4.95 GBP,mgs-45366265250057
45366264037641,RHM22-36.00 GBP,mgs-45366264037641
45366269640969,RHM9-39.00 GBP,mgs-45366269640969
45366265118985,SP1-24.00 GBP,mgs-45366265118985
45366265053449,RHM9 + SCHALE-65.00 GBP,mgs-45366265053449
45366268002569,RN6 CHROM-23.00 GBP,mgs-45366268002569
45366266364169,35K257-70.00 GBP,mgs-45366266364169
45366272524553,R106-34.00 GBP,mgs-45366272524553
45366265446665,R146 M3-39.00 GBP,mgs-45366265446665
45366263415049,21 H 3-19.95 GBP,mgs-45366263415049
45366263382281,21H31-22.95 GBP,mgs-45366263382281
45366263480585,21H3 RED-19.95 GBP,mgs-45366263480585
45366269411593,RN46-39.00 GBP,mgs-45366269411593
45366268297481,RN11-29.00 GBP,mgs-45366268297481
45366269149449,RN4-33.00 GBP,mgs-45366269149449
45366266200329,R59 SR-110.00 GBP,mgs-45366266200329
45366264103177,R103-36.00 GBP,mgs-45366264103177
45366264987913,R108-36.00 GBP,mgs-45366264987913
45366271279369,R41 GRANDE-46.00 GBP,mgs-45366271279369
45366271770889,R41-36.00 GBP,mgs-45366271770889
45366272098569,R89 GRANDE-46.00 GBP,mgs-45366272098569
45366271312137,R89 RG-39.00 GBP,mgs-45366271312137
45366272360713,R89-36.00 GBP,mgs-45366272360713
45366264529161,R89 TWIST-44.95 GBP,mgs-45366264529161
45366263677193,S81M226SR-91.95 GBP,mgs-45366263677193
45366263578889,S81H220SR-90.00 GBP,mgs-45366263578889
45366264496393,SP2-26.00 GBP,mgs-45366264496393
45366265413897,S93P84SR-289.00 GBP,mgs-45366265413897
45366267773193,RH3-3.00 GBP,mgs-45366267773193
45366266921225,RH5-3.00 GBP,mgs-45366266921225
45366273540361,31M20-47.00 GBP,mgs-45366273540361
45366269083913,S81M336SR-105.00 GBP,mgs-45366269083913
45366265610505,R336SR-48.00 GBP,mgs-45366265610505
45366268756233,S81M336M3-105.00 GBP,mgs-45366268756233
45366268854537,S81M332M3-105.00 GBP,mgs-45366268854537
45366269935881,S81H331SR-105.00 GBP,mgs-45366269935881
45366265381129,R331SR-49.00 GBP,mgs-45366265381129
45366268330249,S81H331M3-105.00 GBP,mgs-45366268330249
48255328649481,0140634-27.50 GBP,mgs-48255328649481
48255328780553,S10018Y-6.95 GBP,mgs-48255328780553
48255328354569,81020-21.95 GBP,mgs-48255328354569
48255328485641,D5711-40.00 GBP,mgs-48255328485641
48255328420105,D5613-45.00 GBP,mgs-48255328420105
48255328452873,D5712-40.00 GBP,mgs-48255328452873
48255328321801,0146650-24.95 GBP,mgs-48255328321801
48255328715017,0146652-55.00 GBP,mgs-48255328715017
48255328846089,10049R-4.99 GBP,mgs-48255328846089
48255328289033,D5195-49.95 GBP,mgs-48255328289033
48563233653001,VB4001-13.95 GBP,mgs-48563233653001
48563233915145,VB5002-14.95 GBP,mgs-48563233915145
48563234111753,VB4003-13.95 GBP,mgs-48563234111753
48563234046217,VB5003-14.95 GBP,mgs-48563234046217
48563234078985,VB1000-9.95 GBP,mgs-48563234078985
48630311551241,BPO-3.95 GBP,mgs-48630311551241
48630311289097,BP2_OT-7.95 GBP,mgs-48630311289097
48630311256329,Net_OT-11.95 GBP,mgs-48630311256329
48630311354633,HS-3.75 GBP,mgs-48630311354633
48630311321865,CHSSP-3.95 GBP,mgs-48630311321865
48630311223561,Hui_OT-14.35 GBP,mgs-48630311223561
48630311452937,OSSS130-19.95 GBP,mgs-48630311452937
48630311518473,SAB 100g-10.85 GBP,mgs-48630311518473
48630311420169,RESAB-8.40 GBP,mgs-48630311420169
48630311485705,OSSSR130-9.30 GBP,mgs-48630311485705
48630311649545,HUIBARBE-11.95 GBP,mgs-48630311649545
48630311682313,480497-12.65 GBP,mgs-48630311682313
48630311780617,Coffret 15ml-24.95 GBP,mgs-48630311780617
49037530169609,Gommage_OT-18.55 GBP,mgs-49037530169609
48630311747849,Masque_OT-12.95 GBP,mgs-48630311747849
48630311846153,Coffret Rasage-53.95 GBP,mgs-48630311846153
56821027864841,PACO-1MILL-ELIXIR-100-108.00 GBP,mgs-56821027864841
56821027832073,PACO-PHANTOM-EDT-100-98.00 GBP,mgs-56821027832073
48029432021257,111W-M3-24.95 GBP,mgs-48029432021257
48029432217865,12R-24.45 GBP,mgs-48029432217865
48029437526281,22R-18.95 GBP,mgs-48029437526281
48029432348937,24C-18.95 GBP,mgs-48029432348937
48029432283401,26C-17.95 GBP,mgs-48029432283401
48029437231369,29L-19.75 GBP,mgs-48029437231369
48029437264137,29L-Rose Gold-23.95 GBP,mgs-48029437264137
48029437296905,29L-Lavender-19.75 GBP,mgs-48029437296905
48029437329673,29L-Pink-19.75 GBP,mgs-48029437329673
48029437362441,29L-Blue-19.75 GBP,mgs-48029437362441
48029433004297,42R-22.45 GBP,mgs-48029433004297
48029432545545,43R-30.95 GBP,mgs-48029432545545
48029432250633,45R-19.95 GBP,mgs-48029432250633
48029432512777,48R-18.45 GBP,mgs-48029432512777
48029432381705,50M-33.85 GBP,mgs-48029432381705
48029437755657,P52-18.95 GBP,mgs-48029437755657
48029432611081,55SL-GR-22.99 GBP,mgs-48029432611081
48029432643849,55SL-SC-22.99 GBP,mgs-48029432643849
48029432676617,55SL-RG-22.99 GBP,mgs-48029432676617
48029432447241,56R-Graphite-19.95 GBP,mgs-48029432447241
48029433037065,56R-RG-21.50 GBP,mgs-48029433037065
48029437886729,60R-17.95 GBP,mgs-48029437886729
48029432578313,61R-17.95 GBP,mgs-48029432578313
48029432840457,63C-27.95 GBP,mgs-48029432840457
48029432709385,64S-30.95 GBP,mgs-48029432709385
48029432774921,65R-19.95 GBP,mgs-48029432774921
48029437657353,66R-27.95 GBP,mgs-48029437657353
48029433299209,68S-23.95 GBP,mgs-48029433299209
48029432873225,69CR-23.95 GBP,mgs-48029432873225
48029432971529,70C-24.95 GBP,mgs-48029432971529
48029433135369,71R-19.95 GBP,mgs-48029433135369
48029435625737,74R-SC-19.95 GBP,mgs-48029435625737
48029433168137,74R-Graph-19.95 GBP,mgs-48029433168137
48029433102601,74R-RG-21.45 GBP,mgs-48029433102601
48029437591817,76R-23.40 GBP,mgs-48029437591817
48029435560201,78R-CH-21.45 GBP,mgs-48029435560201
48029435691273,78R-GR-23.95 GBP,mgs-48029435691273
48029435789577,78R-SC-23.95 GBP,mgs-48029435789577
48029437952265,79R-19.90 GBP,mgs-48029437952265
48029438181641,82R-24.95 GBP,mgs-48029438181641
48029437853961,87R-20.95 GBP,mgs-48029437853961
48029435658505,89R-19.05 GBP,mgs-48029435658505
48029438214409,90R-19.90 GBP,mgs-48029438214409
48029436084489,91R-19.95 GBP,mgs-48029436084489
48029438083337,92R-19.95 GBP,mgs-48029438083337
48029436117257,94R-19.90 GBP,mgs-48029436117257
48029437985033,96R-19.90 GBP,mgs-48029437985033
48029436150025,97R-19.95 GBP,mgs-48029436150025
48029436215561,98R-19.90 GBP,mgs-48029436215561
48029438312713,99R-18.45 GBP,mgs-48029438312713
48029436182793,A1R-27.95 GBP,mgs-48029436182793
48029431070985,InjRzr-41.50 GBP,mgs-48029431070985
56777252045065,Aero S-45.50 GBP,mgs-56777252045065
56777302049033,Aero-L-45.50 GBP,mgs-56777302049033
48029431136521,A125-9.95 GBP,mgs-48029431136521
48029431169289,BLSB (WB4)-11.95 GBP,mgs-48029431169289
48029431202057,4RZRSTDBLK-32.95 GBP,mgs-48029431202057
48029431234825,4RZRSTDCHR-32.95 GBP,mgs-48029431234825
56777085747465,CHRFUS-40.65 GBP,mgs-56777085747465
48029431890185,SBCL WB1)-11.95 GBP,mgs-48029431890185
56665847136521,PARKADJSTD1-22.95 GBP,mgs-56665847136521
56777228714249,PARKBLACKSTD-25.60 GBP,mgs-56777228714249
56101716525321,DIRECTOR-BK-25.60 GBP,mgs-56101716525321
56101716459785,DIRECTOR-CH-25.60 GBP,mgs-56101716459785
48029431038217,BLADEBANK-6.95 GBP,mgs-48029431038217
48029431300361,BRRDCMB2-14.95 GBP,mgs-48029431300361
56777174089993,TRAVFUS-29.95 GBP,mgs-56777174089993
48029431267593,HMWB (WB3)-11.95 GBP,mgs-48029431267593
48029431333129,Inj20-15.00 GBP,mgs-48029431333129
48029431398665,LPST-9.95 GBP,mgs-48029431398665
48029431496969,TBSADDLE-42.95 GBP,mgs-48029431496969
48029431529737,LP2 Saddle-17.95 GBP,mgs-48029431529737
48029431562505,LP2 Black-9.45 GBP,mgs-48029431562505
48029431595273,LRCBR-5.65 GBP,mgs-48029431595273
48029431628041,LRCBK-5.65 GBP,mgs-48029431628041
48029431660809,LP3-15.70 GBP,mgs-48029431660809
48029431693577,LPSTBRN-17.95 GBP,mgs-48029431693577
48029431726345,LP4-28.70 GBP,mgs-48029431726345
48029431759113,LP1-8.45 GBP,mgs-48029431759113
48029431791881,LPBR Saddle-17.95 GBP,mgs-48029431791881
48029431824649,LPBR Black-21.95 GBP,mgs-48029431824649
48029431857417,SBHL (WB2)-13.50 GBP,mgs-48029431857417
48029431922953,111B-20.45 GBP,mgs-48029431922953
48029431988489,111W-20.95 GBP,mgs-48029431988489
48029432086793,111B-M3-24.45 GBP,mgs-48029432086793
48029437198601,MUSTCMB-13.95 GBP,mgs-48029437198601
48029437133065,SBOH (H1)-13.95 GBP,mgs-48029437133065
48778249863433,ParkerDE-5-2.25 GBP,mgs-48778249863433
48778249830665,ParkerDE100-18.95 GBP,mgs-48778249830665
48029431431433,TBLG-36.95 GBP,mgs-48029431431433
48029431464201,TBSM-21.95 GBP,mgs-48029431464201
48029438673161,PARKHB-8.95 GBP,mgs-48029438673161
48029436281097,PTABK-36.95 GBP,mgs-48029436281097
48029436313865,PTAWH-34.95 GBP,mgs-48029436313865
48029436346633,PTB-11.85 GBP,mgs-48029436346633
48029436772617,PTBMETAL-25.95 GBP,mgs-48029436772617
48029436412169,PTPBA-26.95 GBP,mgs-48029436412169
48029436379401,PTW-14.20 GBP,mgs-48029436379401
48029436608777,PTWBA-17.95 GBP,mgs-48029436608777
48029437559049,PHPC-16.95 GBP,mgs-48029437559049
48029438640393,PARKSTD1-22.95 GBP,mgs-48029438640393
56777059467529,SSPPARK50-6.00 GBP,mgs-56777059467529
48029438705929,SSPPARK100-7.95 GBP,mgs-48029438705929
48029438771465,BRDCMB1-13.95 GBP,mgs-48029438771465
48029438738697,SoloEdge-30.95 GBP,mgs-48029438738697
48029436444937,SR1 (31R)-14.95 GBP,mgs-48029436444937
48029436805385,SRB / 33R-13.55 GBP,mgs-48029436805385
48029436477705,SRBBA-19.95 GBP,mgs-48029436477705
48029436838153,SRDW-31.45 GBP,mgs-48029436838153
48029436510473,SRPBA-26.65 GBP,mgs-48029436510473
48029436576009,SRRW-24.95 GBP,mgs-48029436576009
48029436674313,SRW / 34R-13.95 GBP,mgs-48029436674313
48029436707081,SRWBA-24.95 GBP,mgs-48029436707081
48029436739849,SRX-20.50 GBP,mgs-48029436739849
48029436903689,SRXBLK-18.95 GBP,mgs-48029436903689
48029438804233,PARKSTRTSTD-27.95 GBP,mgs-48029438804233
48029437493513,VAR GR-53.95 GBP,mgs-48029437493513
48029436870921,VAR RG-68.55 GBP,mgs-48029436870921
48029437821193,VAR SC-53.95 GBP,mgs-48029437821193
48029437034761,VAR-SC OC-53.95 GBP,mgs-48029437034761
48029436936457,VAR-GR OC-53.95 GBP,mgs-48029436936457
48856269422857,PBR250-8.20 GBP,mgs-48856269422857
48856269685001,BOL250-8.20 GBP,mgs-48856269685001
48856269390089,PPNO250-8.20 GBP,mgs-48856269390089
48856269357321,PPWO250-8.00 GBP,mgs-48856269357321
48856269488393,PQNO250-8.20 GBP,mgs-48856269488393
48856269619465,PQWO250-7.80 GBP,mgs-48856269619465
48856269750537,J150-10.80 GBP,mgs-48856269750537
48856269652233,PAS100-12.10 GBP,mgs-48856269652233
48856269521161,PL250-8.20 GBP,mgs-48856269521161
48856269553929,PBL1000-10.35 GBP,mgs-48856269553929
48242527043849,PPCS200-22.50 GBP,mgs-48242527043849
56821028061449,PRADA-LRO-EDP-100-107.00 GBP,mgs-56821028061449
57034434707721,PR400371-14.50 GBP,mgs-57034434707721
57034435428617,PR400741-14.50 GBP,mgs-57034435428617
57034435690761,PR400751-14.50 GBP,mgs-57034435690761
57034435920137,PR400771-26.00 GBP,mgs-57034435920137
57034436182281,PR400803-15.00 GBP,mgs-57034436182281
57034437951753,PR400503-9.50 GBP,mgs-57034437951753
57034437525769,PR400513-6.50 GBP,mgs-57034437525769
57034436903177,PR400448-7.00 GBP,mgs-57034436903177
57034434576649,PR400372-14.50 GBP,mgs-57034434576649
57034435494153,PR400742-14.50 GBP,mgs-57034435494153
57034435625225,PR400752-13.95 GBP,mgs-57034435625225
57034435985673,PR400772-26.00 GBP,mgs-57034435985673
57034437689609,PR400580-12.50 GBP,mgs-57034437689609
57034438115593,PR400570-12.50 GBP,mgs-57034438115593
57034437099785,PR400500-9.50 GBP,mgs-57034437099785
57034437361929,PR400510-6.50 GBP,mgs-57034437361929
57034437165321,PR400445-7.00 GBP,mgs-57034437165321
57034438213897,PR400955-3.50 GBP,mgs-57034438213897
57034438279433,PR400620-6.00 GBP,mgs-57034438279433
57034436706569,PR400366-28.50 GBP,mgs-57034436706569
57034435002633,PR400380-43.50 GBP,mgs-57034435002633
57034436051209,PR400800-5.50 GBP,mgs-57034436051209
57034435166473,PR400626-25.00 GBP,mgs-57034435166473
57034435232009,PR400625-25.00 GBP,mgs-57034435232009
57034435363081,PR400627-20.00 GBP,mgs-57034435363081
57034435068169,PR400590-15.00 GBP,mgs-57034435068169
57034434871561,PR400605-14.00 GBP,mgs-57034434871561
57034434937097,PR400615-14.00 GBP,mgs-57034434937097
57034434806025,PR400591-3.95 GBP,mgs-57034434806025
57034438607113,PR400582-12.50 GBP,mgs-57034438607113
57034437787913,PR400572-12.50 GBP,mgs-57034437787913
57034437427465,PR400502-9.50 GBP,mgs-57034437427465
57034438476041,PR400675-22.00 GBP,mgs-57034438476041
57034437886217,PR400512-6.50 GBP,mgs-57034437886217
57034437263625,PR400447-7.00 GBP,mgs-57034437263625
57034438377737,PR400622-6.00 GBP,mgs-57034438377737
57034438541577,PR400581-12.50 GBP,mgs-57034438541577
57034437034249,PR400501-9.50 GBP,mgs-57034437034249
57034437591305,PR400511-6.50 GBP,mgs-57034437591305
57034436837641,PR400446-7.00 GBP,mgs-57034436837641
57034438672649,PR400956-3.50 GBP,mgs-57034438672649
57034438017289,PR400621-6.00 GBP,mgs-57034438017289
57034436641033,PR400367-28.50 GBP,mgs-57034436641033
57034436116745,PR400785-14.50 GBP,mgs-57034436116745
57034434642185,PR400370-14.50 GBP,mgs-57034434642185
57034435297545,PR400740-13.99 GBP,mgs-57034435297545
57034435559689,PR400750-14.50 GBP,mgs-57034435559689
57034435854601,PR400770-26.00 GBP,mgs-57034435854601
57034435756297,PR400761-9.00 GBP,mgs-57034435756297
48255566774537,155-10.00 GBP,mgs-48255566774537
48287598903561,0010 (Black)-4.55 GBP,mgs-48287598903561
48287598969097,0010-4.50 GBP,mgs-48287598969097
48287598936329,0020 (Black)-4.55 GBP,mgs-48287598936329
48287599034633,0020-5.45 GBP,mgs-48287599034633
48287599067401,0030 Black-7.95 GBP,mgs-48287599067401
48287599001865,0030-7.50 GBP,mgs-48287599001865
48287599198473,0040 Black-7.95 GBP,mgs-48287599198473
48287599100169,0040-7.95 GBP,mgs-48287599100169
57306337607945,1305-N-20.00 GBP,mgs-57306337607945
57306337575177,1460-N-15.00 GBP,mgs-57306337575177
57306337673481,1520-N-16.50 GBP,mgs-57306337673481
48287599493385,2015HD-55.00 GBP,mgs-48287599493385
48287599526153,2040HD-64.95 GBP,mgs-48287599526153
48287599558921,610 (Black)-17.50 GBP,mgs-48287599558921
48287599591689,610 (Red)-17.50 GBP,mgs-48287599591689
48287599624457,620-19.15 GBP,mgs-48287599624457
48287599657225,730 HD-51.95 GBP,mgs-48287599657225
48287599689993,740-34.15 GBP,mgs-48287599689993
48287599722761,750-39.15 GBP,mgs-48287599722761
48287601099017,820 (Black)-18.35 GBP,mgs-48287601099017
48287600214281,820 (Red)-18.35 GBP,mgs-48287600214281
48287602016521,830-16.95 GBP,mgs-48287602016521
48287603294473,Alum95-9.05 GBP,mgs-48287603294473
48287603360009,Gal C3TF IR-54.00 GBP,mgs-48287603360009
48287603392777,Gal C3CPIT IR-19.55 GBP,mgs-48287603392777
48287603097865,Gal C3HPRB IR-25.00 GBP,mgs-48287603097865
48287603130633,Gal C3CP IR-18.35 GBP,mgs-48287603130633
48287599132937,1250-12.10 GBP,mgs-48287599132937
48287599165705,1305-16.65 GBP,mgs-48287599165705
48287599231241,1460-12.50 GBP,mgs-48287599231241
48287599264009,1470-9.55 GBP,mgs-48287599264009
48287599296777,1520-13.75 GBP,mgs-48287599296777
48287599329545,1800-13.35 GBP,mgs-48287599329545
48287599362313,2000-15.00 GBP,mgs-48287599362313
48287599395081,2010-23.35 GBP,mgs-48287599395081
48287599427849,2015-43.35 GBP,mgs-48287599427849
48287599460617,2020-27.50 GBP,mgs-48287599460617
48287603196169,Peg C7SA1 TTS-45.00 GBP,mgs-48287603196169
48287603228937,Peg C7TF TTS-91.65 GBP,mgs-48287603228937
48287603556617,Peg C7MF TTS-64.75 GBP,mgs-48287603556617
48287603261705,Peg C7CSP TTS-41.65 GBP,mgs-48287603261705
48287603753225,Pha C3HPUB B-11.65 GBP,mgs-48287603753225
48287603425545,Pha C3TPB AW-25.85 GBP,mgs-48287603425545
48287603327241,Pha C3TPB B-18.35 GBP,mgs-48287603327241
48287603589385,Pha C3TPB OG-18.35 GBP,mgs-48287603589385
48287603491081,Pha C3TPB Y-18.35 GBP,mgs-48287603491081
48287603458313,Pha C3HPUB OG-11.65 GBP,mgs-48287603458313
48287603720457,Pha C3HPUB Y-11.65 GBP,mgs-48287603720457
48287603523849,Pha C3TPG AW-23.35 GBP,mgs-48287603523849
48287603622153,Pha C3TPG B-15.45 GBP,mgs-48287603622153
48287603654921,Pha C3TPG OG-15.45 GBP,mgs-48287603654921
48287603687689,Pha C3TPG Y-15.45 GBP,mgs-48287603687689
48287604048137,Pha C3SB B-15.00 GBP,mgs-48287604048137
48287604179209,Pha C3SB OG-15.00 GBP,mgs-48287604179209
48287604244745,Pha C3SB Y-15.00 GBP,mgs-48287604244745
48287604211977,SOC C5TF FRE-64.15 GBP,mgs-48287604211977
48287604277513,SOC C5TF BTS-64.75 GBP,mgs-48287604277513
48287604310281,SOC C5TF CER-64.15 GBP,mgs-48287604310281
48287604343049,SOC C5TF JB-73.35 GBP,mgs-48287604343049
48287604474121,SOC C5TF TAJ-73.35 GBP,mgs-48287604474121
48287604375817,SOC C5MF FRE-45.85 GBP,mgs-48287604375817
48287604408585,SOC C5MF BTS-49.75 GBP,mgs-48287604408585
48287604441353,SOC C5MF CER-45.85 GBP,mgs-48287604441353
48287604539657,SOC C5MF JB-49.75 GBP,mgs-48287604539657
48287604637961,SOC C5MF TAJ-49.75 GBP,mgs-48287604637961
48287604605193,SOC C5CSP BTS-34.75 GBP,mgs-48287604605193
48287604572425,SOC C5CSP FRE-27.50 GBP,mgs-48287604572425
48287604670729,SOC C5CSP CER-27.50 GBP,mgs-48287604670729
48287604703497,SOC C5CSP JB-34.75 GBP,mgs-48287604703497
48287604736265,SOC C5CSP TAJ-34.75 GBP,mgs-48287604736265
48287604769033,SOC C5SS FRE-32.50 GBP,mgs-48287604769033
48287604801801,SOC C5SS BTS-40.85 GBP,mgs-48287604801801
48287604998409,SOC C5SS CER-31.50 GBP,mgs-48287604998409
48287604834569,SOC C5SS JB-40.85 GBP,mgs-48287604834569
48287605096713,SOC C5SS TAJ-40.85 GBP,mgs-48287605096713
48287604965641,Tor C3CEIT JB-65.00 GBP,mgs-48287604965641
48287605031177,Tor C5TF JB-72.50 GBP,mgs-48287605031177
48287604900105,Tor C5MF JB-54.15 GBP,mgs-48287604900105
48287604932873,Tor C5SO JB-21.00 GBP,mgs-48287604932873
48287605162249,Tor C5CP JB-20.85 GBP,mgs-48287605162249
48287605063945,Tor C5TS JB-72.95 GBP,mgs-48287605063945
56676755898633,Simpson Small Travel Tube-7.95 GBP,mgs-56676755898633
56676755931401,Simpson Large Travel Tube-12.95 GBP,mgs-56676755931401
56676755964169,Simpson Extra Large Travel Tube-15.95 GBP,mgs-56676755964169
56363185930505,46 Sovereign-44.95 GBP,mgs-56363185930505
56363186061577,CH2 Synth-99.95 GBP,mgs-56363186061577
56363185996041,Classic Synth 1-42.95 GBP,mgs-56363185996041
56363185242377,M6 Sovereign-49.95 GBP,mgs-56363185242377
56363185275145,M7 Sovereign-54.95 GBP,mgs-56363185275145
56363185144073,Polo 8 Sovereign-65.95 GBP,mgs-56363185144073
56363185176841,Polo 10 Sovereign-84.95 GBP,mgs-56363185176841
56363185209609,Polo 12 Sovereign-139.95 GBP,mgs-56363185209609
56363188551945,B1 Pure-39.60 GBP,mgs-56363188551945
56363188584713,B2 Pure-50.40 GBP,mgs-56363188584713
56363188617481,B3 Pure-67.20 GBP,mgs-56363188617481
56363188650249,B4 Pure-78.45 GBP,mgs-56363188650249
56363188683017,B5 Pure-95.60 GBP,mgs-56363188683017
56363188715785,B6 Pure-106.80 GBP,mgs-56363188715785
56363188879625,46 Pure-43.75 GBP,mgs-56363188879625
56363188912393,46 Best-48.95 GBP,mgs-56363188912393
56363186094345,Captain 2 Best-104.95 GBP,mgs-56363186094345
56363185897737,Captain 2 Sov-58.95 GBP,mgs-56363185897737
56363187306761,C1 Pure-43.80 GBP,mgs-56363187306761
56363187339529,C1 Best-51.40 GBP,mgs-56363187339529
56363188355337,CH1 Best-99.95 GBP,mgs-56363188355337
56363188388105,CH2 Best-165.00 GBP,mgs-56363188388105
56363188420873,CH3 Best-205.00 GBP,mgs-56363188420873
56363188453641,CH1 Super-139.95 GBP,mgs-56363188453641
56363188486409,CH2 Super-195.00 GBP,mgs-56363188486409
56363188519177,CH3 Super-235.00 GBP,mgs-56363188519177
56363185799433,Chubby 1 Sovereign-56.95 GBP,mgs-56363185799433
56363185832201,Chubby 2 Sovereign-75.95 GBP,mgs-56363185832201
56363185864969,Chubby 3 Sovereign-84.95 GBP,mgs-56363185864969
56363187896585,CL1 Best-88.95 GBP,mgs-56363187896585
56363187929353,CL2 Best-98.95 GBP,mgs-56363187929353
56363184816393,X2L Sovereign-45.95 GBP,mgs-56363184816393
56363186979081,X2L Best-77.50 GBP,mgs-56363186979081
56363187699977,X1 Best-66.40 GBP,mgs-56363187699977
56363187732745,X2 Best-73.50 GBP,mgs-56363187732745
56363187765513,X3 Best-102.70 GBP,mgs-56363187765513
56363185635593,Commodore X1 Sovereign-44.95 GBP,mgs-56363185635593
56363185668361,Commodore X2 Sovereign-48.95 GBP,mgs-56363185668361
56363185701129,Commodore X3 Sovereign-49.95 GBP,mgs-56363185701129
56363186028809,Duke 3 Synth-69.95 GBP,mgs-56363186028809
56363188027657,D1 Pure-72.00 GBP,mgs-56363188027657
56363188125961,D1 Best-100.80 GBP,mgs-56363188125961
56363188060425,D2 Pure-84.45 GBP,mgs-56363188060425
56363188158729,D2 Best-121.90 GBP,mgs-56363188158729
56363188093193,D3 Pure-102.70 GBP,mgs-56363188093193
56363188191497,D3 Best-151.90 GBP,mgs-56363188191497
56363185537289,D1 Sovereign-45.25 GBP,mgs-56363185537289
56363185570057,D2 Sovereign-48.25 GBP,mgs-56363185570057
56363185602825,D3 Sovereign-52.95 GBP,mgs-56363185602825
56363187405065,G1 Pure-72.20 GBP,mgs-56363187405065
56363187437833,G2 Pure-84.50 GBP,mgs-56363187437833
56363187470601,G3 Pure-108.70 GBP,mgs-56363187470601
56363187798281,E1 Super-151.90 GBP,mgs-56363187798281
56363187831049,E2 Super-175.70 GBP,mgs-56363187831049
56363187863817,E3 Super-232.80 GBP,mgs-56363187863817
56363187503369,55 Best-108.70 GBP,mgs-56363187503369
56363187536137,56 Best-134.40 GBP,mgs-56363187536137
56363187568905,57 Best-151.90 GBP,mgs-56363187568905
56363187601673,58 Best-167.30 GBP,mgs-56363187601673
56363187634441,59 Best-204.50 GBP,mgs-56363187634441
56363186487561,H1 Best-100.10 GBP,mgs-56363186487561
56363186520329,H2 Best-121.90 GBP,mgs-56363186520329
56363186553097,H3 Best-154.80 GBP,mgs-56363186553097
56363186585865,H4 Best-193.50 GBP,mgs-56363186585865
56363186618633,H5 Best-254.50 GBP,mgs-56363186618633
56363186651401,H6 Best-298.10 GBP,mgs-56363186651401
56363188224265,KH1 Best-99.95 GBP,mgs-56363188224265
56363188257033,KH2 Best-121.90 GBP,mgs-56363188257033
56363188289801,KH3 Best-151.90 GBP,mgs-56363188289801
56363188322569,KH4 Best-171.60 GBP,mgs-56363188322569
56363187962121,M1 Best-109.95 GBP,mgs-56363187962121
56363187994889,M1 Super-129.95 GBP,mgs-56363187994889
56363186913545,MC Best-126.00 GBP,mgs-56363186913545
56363186684169,PJ1 Best-124.30 GBP,mgs-56363186684169
56363186716937,PJ2 Best-151.90 GBP,mgs-56363186716937
56363186749705,PJ3 Best-206.10 GBP,mgs-56363186749705
56363186782473,PJ1 Super-174.00 GBP,mgs-56363186782473
56363186815241,PJ2 Super-212.60 GBP,mgs-56363186815241
56363186848009,PJ3 Super-290.85 GBP,mgs-56363186848009
56363186225417,PL8 Best-151.20 GBP,mgs-56363186225417
56363186258185,PL10 Best-252.00 GBP,mgs-56363186258185
56363186290953,PL12 Best-312.95 GBP,mgs-56363186290953
56363186323721,PL14 Best-295.00 GBP,mgs-56363186323721
56363186356489,PL8 Super-184.55 GBP,mgs-56363186356489
56363186389257,PL10 Super-353.75 GBP,mgs-56363186389257
56363186422025,PL12 Super-374.80 GBP,mgs-56363186422025
56363186454793,PL14 Super-375.00 GBP,mgs-56363186454793
56363184849161,Rover Sovereign-47.00 GBP,mgs-56363184849161
56363186159881,S1 Best-52.30 GBP,mgs-56363186159881
56363186192649,S1 Pure-30.20 GBP,mgs-56363186192649
56363185307913,Special Sovereign-34.95 GBP,mgs-56363185307913
56363188748553,T1 Super-174.20 GBP,mgs-56363188748553
56363188781321,T2 Super-217.20 GBP,mgs-56363188781321
56363188814089,T3 Super-254.45 GBP,mgs-56363188814089
56363188846857,T4 Super-308.10 GBP,mgs-56363188846857
56363187667209,WS Best-35.95 GBP,mgs-56363187667209
56676755996937,Dripstand Ivory-7.95 GBP,mgs-56676755996937
56676756029705,Dripstand Black-7.95 GBP,mgs-56676756029705
56363186127113,SSSML-35.95 GBP,mgs-56363186127113
56363186880777,SSSMS-39.95 GBP,mgs-56363186880777
49071148630281,SG03-12.95 GBP,mgs-49071148630281
49071148892425,SGCS-12.95 GBP,mgs-49071148892425
49071148826889,SGCC-12.95 GBP,mgs-49071148826889
49071148761353,SGFS-9.95 GBP,mgs-49071148761353
49071148925193,SG01-11.95 GBP,mgs-49071148925193
49071148990729,SG05-9.95 GBP,mgs-49071148990729
49071149187337,SG02-12.95 GBP,mgs-49071149187337
49071149318409,SG04-12.95 GBP,mgs-49071149318409
49071149875465,SGTC-9.95 GBP,mgs-49071149875465
48255567102217,156-6.40 GBP,mgs-48255567102217
48255567134985,157-6.40 GBP,mgs-48255567134985
48255567167753,158-6.40 GBP,mgs-48255567167753
48255567200521,159-6.40 GBP,mgs-48255567200521
48849257857289,435005-8.95 GBP,mgs-48849257857289
48849257758985,431007-9.55 GBP,mgs-48849257758985
48849257824521,431205-14.45 GBP,mgs-48849257824521
48849257922825,431144-20.65 GBP,mgs-48849257922825
48849257890057,444625-14.99 GBP,mgs-48849257890057
48849257693449,444571-15.99 GBP,mgs-48849257693449
48849257988361,415403-10.99 GBP,mgs-48849257988361
48849258086665,410903-8.39 GBP,mgs-48849258086665
48849258250505,410057-5.65 GBP,mgs-48849258250505
48849258348809,425204-14.99 GBP,mgs-48849258348809
48849258381577,426300-21.45 GBP,mgs-48849258381577
48849258610953,415045-11.25 GBP,mgs-48849258610953
48849258578185,415052-18.99 GBP,mgs-48849258578185
48851978420489,435173-12.95 GBP,mgs-48851978420489
48849258807561,435180-9.95 GBP,mgs-48849258807561
48849259004169,435142-9.95 GBP,mgs-48849259004169
55091150881033,07137-39.95 GBP,mgs-55091150881033
55088385327369,06021-15.95 GBP,mgs-55088385327369
55089927094537,01002-10.85 GBP,mgs-55089927094537
55089927946505,06018-28.95 GBP,mgs-55089927946505
55089928667401,06005-32.95 GBP,mgs-55089928667401
55091150061833,06006-20.95 GBP,mgs-55091150061833
55088385392905,06020-15.95 GBP,mgs-55088385392905
55087795863817,07102-4.45 GBP,mgs-55087795863817
55091151143177,08248-14.95 GBP,mgs-55091151143177
55089928339721,08246-5.95 GBP,mgs-55089928339721
55088385229065,07176-8.95 GBP,mgs-55088385229065
55091150618889,20208-80.00 GBP,mgs-55091150618889
55089926963465,00995-13.95 GBP,mgs-55089926963465
55087795929353,00208-38.95 GBP,mgs-55087795929353
55089928732937,00213-38.95 GBP,mgs-55089928732937
55089927454985,01004-10.85 GBP,mgs-55089927454985
55089499701513,07140-15.95 GBP,mgs-55089499701513
54959445410057,01001-12.95 GBP,mgs-54959445410057
55089499668745,01104-4.45 GBP,mgs-55089499668745
55089928405257,09941-85.00 GBP,mgs-55089928405257
55087795962121,07104-4.45 GBP,mgs-55087795962121
57034436477193,TX428014-14.50 GBP,mgs-57034436477193
57034436313353,TX428007-14.50 GBP,mgs-57034436313353
57034436378889,TX428011-14.50 GBP,mgs-57034436378889
57034436575497,TX428017-14.50 GBP,mgs-57034436575497
57034436247817,TX428006-14.50 GBP,mgs-57034436247817
48936181334281,BBREDTCLASS100-29.99 GBP,mgs-48936181334281
48936179892489,BBRSBCLASS50-6.45 GBP,mgs-48936179892489
48936179761417,BBRSBCUB50-6.45 GBP,mgs-48936179761417
48936180908297,BBRHGEL100-8.25 GBP,mgs-48936180908297
48936182087945,BBRBWORI300-8.95 GBP,mgs-48936182087945
48936179630345,BBRSBORI50-6.45 GBP,mgs-48936179630345
48936179826953,BBRPSO250-12.95 GBP,mgs-48936179826953
48936181596425,BBRSHVSOL150-11.95 GBP,mgs-48936181596425
48844381454601,THRC-49.95 GBP,mgs-48844381454601
48836804411657,HRHC-Black-16.95 GBP,mgs-48836804411657
48836804444425,HRHC-Brown-16.95 GBP,mgs-48836804444425
48998253166857,A01671-8.95 GBP,mgs-48998253166857
48998252806409,A01656-8.95 GBP,mgs-48998252806409
48998252970249,A01826-14.95 GBP,mgs-48998252970249
48998253297929,A01664-7.95 GBP,mgs-48998253297929
48998253265161,A01658-12.50 GBP,mgs-48998253265161
48998252773641,A01670-13.50 GBP,mgs-48998252773641
48998253101321,A01342-9.95 GBP,mgs-48998253101321
48998252839177,A01831-11.95 GBP,mgs-48998252839177
55085849673993,A00464-6.99 GBP,mgs-55085849673993
55085849641225,A00465-6.99 GBP,mgs-55085849641225
48255564808457,1321-31.95 GBP,mgs-48255564808457
48255566315785,1326-30.00 GBP,mgs-48255566315785
48255565037833,1320-27.95 GBP,mgs-48255565037833
48255565627657,1322-28.00 GBP,mgs-48255565627657
48255566446857,1323-39.95 GBP,mgs-48255566446857
48255565758729,35015-35.00 GBP,mgs-48255565758729
56821027897609,TF-GREYVET-EDP-100-152.00 GBP,mgs-56821027897609
56821027766537,VERSACE-EROS-EDT-100-91.00 GBP,mgs-56821027766537
56821028028681,VERSACE-PH-EDT-100-91.00 GBP,mgs-56821028028681
48854911648009,WP300-15.00 GBP,mgs-48854911648009
48854911680777,WP500-25.00 GBP,mgs-48854911680777
48854911713545,WP1000-35.00 GBP,mgs-48854911713545
48854911746313,WP2000-60.00 GBP,mgs-48854911746313
48854911779081,WP5000-100.00 GBP,mgs-48854911779081
48263283310857,WILKSDE-1-4.99 GBP,mgs-48263283310857
48263283343625,WILKSDE-2-18.75 GBP,mgs-48263283343625
49073935679753,7000102I-5-1.50 GBP,mgs-49073935679753
49073935712521,7000102I-16.95 GBP,mgs-49073935712521
48263283540233,515004-19.95 GBP,mgs-48263283540233
54902490497289,009356-7.45 GBP,mgs-54902490497289
56821027799305,YSL-MYSLF-EDP-100-109.00 GBP,mgs-56821027799305
